,algorithm,best_score,max_iter,num_models,overhead,partial_fit_calls,patience,repeat,time,tol,workers
0,stop_on_plateau,0.04674143244546656,9,7,15.342753274100167,7,25,0,1.3424909114837646,0.1,8
1,hyperband,0.048200454988058895,9,17,3.705018914264181,69,25,0,3.1955788135528564,0.1,8
2,stop_on_plateau,0.056203225634148174,27,13,31.274129427396332,13,25,0,5.082046031951904,0.1,8
3,hyperband,0.05024958295446257,27,49,1.6146207323261335,357,25,0,7.205245018005371,0.1,8
4,stop_on_plateau,0.04873154393806202,81,19,29.561258617200348,19,25,0,7.020798921585083,0.1,8
5,hyperband,0.1317924992484093,81,143,1.3377171419301717,1581,25,0,26.43663501739502,0.1,8
6,stop_on_plateau,0.07685502748451957,243,19,30.402193571391855,19,25,0,7.220520973205566,0.1,8
7,hyperband,0.3737033499085559,243,143,1.2594451638884667,4743,25,0,74.66935515403748,0.1,8
8,stop_on_plateau,0.04927020839675147,9,7,26.716978890555243,7,25,0,1.168867826461792,0.1,16
9,hyperband,0.04707295189824956,9,17,6.659249015476393,69,25,0,2.8718011379241943,0.1,16
10,stop_on_plateau,0.06600465116830942,27,13,37.19823983999399,13,25,0,3.0223569869995117,0.1,16
11,hyperband,0.05255309458246478,27,49,2.512941974885657,357,25,0,5.607001781463623,0.1,16
12,stop_on_plateau,0.05652819754371355,81,19,36.64164894505551,19,25,0,4.351195812225342,0.1,16
13,hyperband,0.11043269252617907,81,143,1.656338416044656,1581,25,0,16.36669397354126,0.1,16
14,stop_on_plateau,0.06632546993056894,243,19,35.57669187846936,19,25,0,4.224732160568237,0.1,16
15,hyperband,0.2696116771347254,243,143,1.4955647384318624,4743,25,0,44.334147214889526,0.1,16
16,stop_on_plateau,0.05182185167783768,9,7,40.79358509608677,7,25,0,1.1898128986358643,0.1,24
17,hyperband,0.05501450785725857,9,17,9.651495892068613,69,25,0,2.7748050689697266,0.1,24
18,stop_on_plateau,0.07248777597119298,27,13,55.00670946561373,13,25,0,2.979530096054077,0.1,24
19,hyperband,0.06410338079320804,27,49,3.377402489926635,357,25,0,5.023886203765869,0.1,24
20,stop_on_plateau,0.060121549625544106,81,19,39.594262775621914,19,25,0,3.1345458030700684,0.1,24
21,hyperband,0.1478132441709918,81,143,1.9294219406098971,1581,25,0,12.7100670337677,0.1,24
22,stop_on_plateau,0.07933161825831637,243,19,38.77675106650904,19,25,0,3.069826126098633,0.1,24
23,hyperband,0.25943276474943766,243,143,1.810946081500503,4743,25,0,35.78882193565369,0.1,24
24,stop_on_plateau,0.046992075008907105,9,7,54.41188267299107,7,25,0,1.1902599334716797,0.1,32
25,hyperband,0.052040354885473886,9,17,12.463235164034193,69,25,0,2.687385082244873,0.1,32
26,stop_on_plateau,0.06687226790363093,27,13,74.47811420147235,13,25,0,3.0256733894348145,0.1,32
27,hyperband,0.07859871861890755,27,49,4.243521810579701,357,25,0,4.7341790199279785,0.1,32
28,stop_on_plateau,0.06957977530401749,81,19,50.3786910207648,19,25,0,2.99123477935791,0.1,32
29,hyperband,0.12297790403301395,81,143,2.448043340674538,1581,25,0,12.094864130020142,0.1,32
30,stop_on_plateau,0.06661804090554489,243,19,51.46913628829152,19,25,0,3.0559799671173096,0.1,32
31,hyperband,0.26177432852376864,243,143,2.196537623444665,4743,25,0,32.5568060874939,0.1,32
32,stop_on_plateau,0.053578352319870355,9,7,67.04943520682198,7,25,0,1.1733651161193848,0.1,40
33,hyperband,0.04822234168024677,9,17,14.897263568380604,69,25,0,2.5697779655456543,0.1,40
34,stop_on_plateau,0.054866544597643944,27,13,95.2095471895658,13,25,0,3.0943102836608887,0.1,40
35,hyperband,0.05428392872423487,27,49,5.259141467866443,357,25,0,4.693783760070801,0.1,40
36,stop_on_plateau,0.07502243238189697,81,19,65.39380926834909,19,25,0,3.106205940246582,0.1,40
37,hyperband,0.12386958000456429,81,143,2.9723314602566546,1581,25,0,11.748140096664429,0.1,40
38,stop_on_plateau,0.05597268197021826,243,19,63.29673967863384,19,25,0,3.0065951347351074,0.1,40
39,hyperband,0.28990911265458297,243,143,2.6407428213043502,4743,25,0,31.312608003616333,0.1,40
40,stop_on_plateau,0.043385480513885806,9,7,81.30670819963727,7,25,0,1.185722827911377,0.1,48
41,hyperband,0.0460164459336938,9,17,18.98467520008916,69,25,0,2.7290470600128174,0.1,48
42,stop_on_plateau,0.07357131684970987,27,13,112.19065739558293,13,25,0,3.038496971130371,0.1,48
43,hyperband,0.05073658272835102,27,49,6.561001689494157,357,25,0,4.879745006561279,0.1,48
44,stop_on_plateau,0.07432470548190045,81,19,77.41569719816508,19,25,0,3.064371347427368,0.1,48
45,hyperband,0.08746589496766298,81,143,3.4331351032293265,1581,25,0,11.307888746261597,0.1,48
46,stop_on_plateau,0.04963867820744754,243,19,75.59926685534025,19,25,0,2.9924709796905518,0.1,48
47,hyperband,0.43862164261614767,243,143,3.102455066775009,4743,25,0,30.656134128570557,0.1,48
48,stop_on_plateau,0.048887224134016825,9,7,94.19792175292969,7,25,0,1.177474021911621,0.1,56
49,hyperband,0.04283262454011066,9,17,20.627340786698934,69,25,0,2.5415830612182617,0.1,56
50,stop_on_plateau,0.07000772079482895,27,13,127.31117101816031,13,25,0,2.9554378986358643,0.1,56
51,hyperband,0.059909667651412216,27,49,7.571683397480085,357,25,0,4.826948165893555,0.1,56
52,stop_on_plateau,0.06324287903594357,81,19,90.16964862221164,19,25,0,3.0593273639678955,0.1,56
53,hyperband,0.11839645774302765,81,143,4.012108186918447,1581,25,0,11.327041149139404,0.1,56
54,stop_on_plateau,0.0627639013970777,243,19,89.08986844514544,19,25,0,3.0226919651031494,0.1,56
55,hyperband,0.3002884580721919,243,143,3.57039527402456,4743,25,0,30.239972829818726,0.1,56
56,stop_on_plateau,0.047756470802261884,9,7,106.91968645368303,7,25,0,1.1694340705871582,0.1,64
57,hyperband,0.03549308180137533,9,17,25.058569424394246,69,25,0,2.701627016067505,0.1,64
58,stop_on_plateau,0.05328105191006226,27,13,145.12974665715143,13,25,0,2.9479479789733887,0.1,64
59,hyperband,0.05179223479196367,27,49,9.789691145012691,357,25,0,5.460812091827393,0.1,64
60,stop_on_plateau,0.05163937260517899,81,19,102.83256932308798,19,25,0,3.052841901779175,0.1,64
61,hyperband,0.09049767873783865,81,143,4.556838439130692,1581,25,0,11.256814956665039,0.1,64
62,stop_on_plateau,0.04745802602494492,243,19,100.44085853978207,19,25,0,2.9818379878997803,0.1,64
63,hyperband,0.22662711888243342,243,143,4.00954116026661,4743,25,0,29.71445894241333,0.1,64
64,stop_on_plateau,0.0496268785765768,9,7,13.812264033726283,7,25,1,1.2085731029510498,0.1,8
65,hyperband,0.049352774700580845,9,17,3.4793820588485054,69,25,1,3.000967025756836,0.1,8
66,stop_on_plateau,0.05669113698881589,27,13,31.32878670325646,13,25,1,5.090927839279175,0.1,8
67,hyperband,0.06639603913815577,27,49,1.6147738010609516,357,25,1,7.205928087234497,0.1,8
68,stop_on_plateau,0.0591332204759234,81,19,29.24344313772101,19,25,1,6.94531774520874,0.1,8
69,hyperband,0.14671610560575649,81,143,1.3588546424783685,1581,25,1,26.85436487197876,0.1,8
70,stop_on_plateau,0.061164704634450555,243,19,31.21088429501182,19,25,1,7.412585020065308,0.1,8
71,hyperband,0.26691738819353944,243,143,1.2192067953194592,4743,25,1,72.28372287750244,0.1,8
72,stop_on_plateau,0.04387734958864334,9,7,26.99730464390346,7,25,1,1.1811320781707764,0.1,16
73,hyperband,0.0507349121606164,9,17,5.932222449261209,69,25,1,2.5582709312438965,0.1,16
74,stop_on_plateau,0.05431936962305489,27,13,38.83710714486929,13,25,1,3.15551495552063,0.1,16
75,hyperband,0.0706061987810997,27,49,2.3681218550652683,357,25,1,5.28387188911438,0.1,16
76,stop_on_plateau,0.057383135605901324,81,19,33.134341992829974,19,25,1,3.9347031116485596,0.1,16
77,hyperband,0.10957858999605995,81,143,1.5909690784548445,1581,25,1,15.720763206481934,0.1,16
78,stop_on_plateau,0.058770501966009706,243,19,34.1492381848787,19,25,1,4.055222034454346,0.1,16
79,hyperband,0.3085890964010619,243,143,1.4863489590539676,4743,25,1,44.060956954956055,0.1,16
80,stop_on_plateau,0.051942819315458626,9,7,41.74432754516601,7,25,1,1.2175428867340088,0.1,24
81,hyperband,0.04558702895467643,9,17,9.053742781929346,69,25,1,2.6029510498046875,0.1,24
82,stop_on_plateau,0.0678044575189049,27,13,56.97897544273963,13,25,1,3.0863611698150635,0.1,24
83,hyperband,0.053477791890827915,27,49,3.608211068546071,357,25,1,5.36721396446228,0.1,24
84,stop_on_plateau,0.06965844623745061,81,19,41.40432357788085,19,25,1,3.2778422832489014,0.1,24
85,hyperband,0.08865455782309048,81,143,2.10283601532851,1581,25,1,13.852432250976562,0.1,24
86,stop_on_plateau,0.047069714752926164,243,19,42.74906760767886,19,25,1,3.38430118560791,0.1,24
87,hyperband,0.4627635773980316,243,143,1.862567959519446,4743,25,1,36.80899930000305,0.1,24
88,stop_on_plateau,0.05116246444001753,9,7,56.59579685756138,7,25,1,1.2380330562591553,0.1,32
89,hyperband,0.04470510462407798,9,17,12.44924241218014,69,25,1,2.6843678951263428,0.1,32
90,stop_on_plateau,0.08039873463987232,27,13,76.68681804950421,13,25,1,3.1154019832611084,0.1,32
91,hyperband,0.049370437284838184,27,49,4.336074487167914,357,25,1,4.837433099746704,0.1,32
92,stop_on_plateau,0.05301099038062172,81,19,52.57526196931538,19,25,1,3.1216561794281006,0.1,32
93,hyperband,0.09084571290688812,81,143,2.610703093729616,1581,25,1,12.898504972457886,0.1,32
94,stop_on_plateau,0.052288857202041704,243,19,52.477023476048515,19,25,1,3.115823268890381,0.1,32
95,hyperband,0.2583655931696184,243,143,2.3245685632887856,4743,25,1,34.45446467399597,0.1,32
96,stop_on_plateau,0.04455522014158577,9,7,68.99783270699636,7,25,1,1.2074620723724365,0.1,40
97,hyperband,0.05608046002751027,9,17,15.252261230911033,69,25,1,2.6310150623321533,0.1,40
98,stop_on_plateau,0.05629372232611095,27,13,95.2189225416917,13,25,1,3.0946149826049805,0.1,40
99,hyperband,0.0701483176676572,27,49,5.647363582579027,357,25,1,5.040271997451782,0.1,40
100,stop_on_plateau,0.06574479184636282,81,19,68.42240283363743,19,25,1,3.2500641345977783,0.1,40
101,hyperband,0.1192424246523005,81,143,3.056137113914996,1581,25,1,12.079381942749023,0.1,40
102,stop_on_plateau,0.06560829866620765,243,19,65.4966956690738,19,25,1,3.111093044281006,0.1,40
103,hyperband,0.2694194112882661,243,143,2.7698963421848335,4743,25,1,32.844045877456665,0.1,40
104,stop_on_plateau,0.05666942445713024,9,7,83.29124450683592,7,25,1,1.2146639823913574,0.1,48
105,hyperband,0.051493498117680746,9,17,21.15883868673573,69,25,1,3.0415830612182617,0.1,48
106,stop_on_plateau,0.07094322690915195,27,13,114.98662508451021,13,25,1,3.1142210960388184,0.1,48
107,hyperband,0.07742105813956948,27,49,6.41149408677045,357,25,1,4.7685487270355225,0.1,48
108,stop_on_plateau,0.0631016861415584,81,19,79.78079946417556,19,25,1,3.157989978790283,0.1,48
109,hyperband,0.06270411670450973,81,143,3.526855917537913,1581,25,1,11.616581678390503,0.1,48
110,stop_on_plateau,0.050536847239879584,9,7,14.446618216378347,7,25,0,1.2640790939331055,0.1,8
111,hyperband,0.04678290935134503,9,17,3.42422264209692,69,25,0,2.9533920288085938,0.1,8
112,stop_on_plateau,0.05388526717457195,27,13,32.47319294856145,13,25,0,5.276893854141235,0.1,8
113,hyperband,0.07467366011435025,27,49,1.6835655084177223,357,25,0,7.512911081314087,0.1,8
114,stop_on_plateau,0.07148439586253096,81,19,29.481031518233447,19,25,0,7.001744985580444,0.1,8
115,hyperband,0.13360680563128097,81,143,1.3839623597812831,1581,25,0,27.350556135177612,0.1,8
116,stop_on_plateau,0.06302676037781428,243,19,29.55955003437243,19,25,0,7.020393133163452,0.1,8
117,hyperband,0.2873253485905362,243,143,1.2387370882269553,4743,25,0,73.44162511825562,0.1,8
118,stop_on_plateau,0.062272846354951915,9,7,26.354124886648993,7,25,0,1.1529929637908936,0.1,16
119,hyperband,0.05322791555544613,9,17,6.293193982995074,69,25,0,2.713939905166626,0.1,16
120,stop_on_plateau,0.06108439259347112,27,13,37.18764378474309,13,25,0,3.021496057510376,0.1,16
121,hyperband,0.05710217640672866,27,49,2.441945116059119,357,25,0,5.448590040206909,0.1,16
122,stop_on_plateau,0.05867932142591345,81,19,33.98458982768811,19,25,0,4.035670042037964,0.1,16
123,hyperband,0.11215511800805965,81,143,1.6276634018455856,1581,25,0,16.083348989486694,0.1,16
124,stop_on_plateau,0.06929078903503666,243,19,34.55358204088713,19,25,0,4.103237867355347,0.1,16
125,hyperband,0.2778378531530587,243,143,1.4664161242992346,4743,25,0,43.470072984695435,0.1,16
126,stop_on_plateau,0.04989403993754153,9,7,40.82602092197963,7,25,0,1.1907589435577393,0.1,24
127,hyperband,0.05615764116369776,9,17,8.997857466987941,69,25,0,2.586884021759033,0.1,24
128,stop_on_plateau,0.08117381257525483,27,13,55.173031733586235,13,25,0,2.988539218902588,0.1,24
129,hyperband,0.055286547162227605,27,49,3.354738059164095,357,25,0,4.990172863006592,0.1,24
130,stop_on_plateau,0.05505688696509967,81,19,40.71394067061574,19,25,0,3.22318696975708,0.1,24
131,hyperband,0.08875614255838377,81,143,2.0534939195897137,1581,25,0,13.527391195297241,0.1,24
132,stop_on_plateau,0.07384698096347853,243,19,38.50888402838456,19,25,0,3.0486199855804443,0.1,24
133,hyperband,0.2519583338812734,243,143,1.7855621907320451,4743,25,0,35.28717279434204,0.1,24
134,stop_on_plateau,0.05366528886481249,9,7,53.89893668038504,7,25,0,1.1790392398834229,0.1,32
135,hyperband,0.05748452168646122,9,17,12.240955518639606,69,25,0,2.639456033706665,0.1,32
136,stop_on_plateau,0.053206108343663364,27,13,72.37179095928485,13,25,0,2.9401040077209473,0.1,32
137,hyperband,0.051936681552155695,27,49,4.465133923442424,357,25,0,4.981415033340454,0.1,32
138,stop_on_plateau,0.054364062802192095,81,19,52.10290607653166,19,25,0,3.0936100482940674,0.1,32
139,hyperband,0.13359876863757236,81,143,2.552962861130465,1581,25,0,12.613232135772705,0.1,32
140,stop_on_plateau,0.05203479857927356,243,19,52.09616811651932,19,25,0,3.093209981918335,0.1,32
141,hyperband,0.3930049970758528,243,143,2.3029686905476656,4743,25,0,34.13431406021118,0.1,32
142,stop_on_plateau,0.054723351705796286,9,7,68.84685243879045,7,25,0,1.204819917678833,0.1,40
143,hyperband,0.04871247159169783,9,17,15.343234850012736,69,25,0,2.6467080116271973,0.1,40
144,stop_on_plateau,0.06002513863561821,27,13,96.10326473529521,13,25,0,3.1233561038970947,0.1,40
145,hyperband,0.05681497842764034,27,49,5.572012359020756,357,25,0,4.973021030426025,0.1,40
146,stop_on_plateau,0.056577818077840764,81,19,66.15313479774876,19,25,0,3.1422739028930664,0.1,40
147,hyperband,0.07342473989880499,81,143,3.0671779601201457,1581,25,0,12.123020887374878,0.1,40
148,stop_on_plateau,0.07303219742476674,243,19,65.84012884842721,19,25,0,3.127406120300293,0.1,40
149,hyperband,0.26173144755573924,243,143,2.7691657548711794,4743,25,0,32.83538293838501,0.1,40
150,stop_on_plateau,0.059274880414530544,9,7,83.81209782191684,7,25,0,1.222259759902954,0.1,48
151,hyperband,0.04256626895056668,9,17,17.808521104895547,69,25,0,2.5599749088287354,0.1,48
152,stop_on_plateau,0.04970009324893297,27,13,122.66348912165715,13,25,0,3.322136163711548,0.1,48
153,hyperband,0.05364918064826374,27,49,6.41561011306378,357,25,0,4.7716100215911865,0.1,48
154,stop_on_plateau,0.04760514069706432,81,19,84.34322156404193,19,25,0,3.33858585357666,0.1,48
155,hyperband,0.1600044877245479,81,143,3.559399483552241,1581,25,0,11.723772048950195,0.1,48
156,stop_on_plateau,0.06778197405999065,243,19,83.79100197239924,19,25,0,3.3167271614074707,0.1,48
157,hyperband,0.410291296985167,243,143,3.203144326834344,4743,25,0,31.65106987953186,0.1,48
158,stop_on_plateau,0.0438467135964235,9,7,99.00169372558594,7,25,0,1.2375211715698242,0.1,56
159,hyperband,0.05456079997611636,9,17,20.96234197201936,69,25,0,2.582859992980957,0.1,56
160,stop_on_plateau,0.05022572161320029,27,13,133.18880374615009,13,25,0,3.0918829441070557,0.1,56
161,hyperband,0.053536014190844125,27,49,7.271998162363089,357,25,0,4.63589882850647,0.1,56
162,stop_on_plateau,0.049035292583160944,81,19,90.0172946327611,19,25,0,3.0541582107543945,0.1,56
163,hyperband,0.1292885006476398,81,143,4.233645403558585,1581,25,0,11.95248818397522,0.1,56
164,stop_on_plateau,0.06986702802437679,243,19,91.75137268869499,19,25,0,3.112993001937866,0.1,56
165,hyperband,0.26255714311268696,243,143,3.742456269269248,4743,25,0,31.69726800918579,0.1,56
166,stop_on_plateau,0.050488781689688664,9,7,111.51177542550222,7,25,0,1.2196600437164307,0.1,64
167,hyperband,0.04862906499846175,9,17,24.01332025942595,69,25,0,2.5889360904693604,0.1,64
168,stop_on_plateau,0.055296014368107424,27,13,153.2445584810697,13,25,0,3.1127800941467285,0.1,64
169,hyperband,0.08073550112061872,27,49,8.605292397720806,357,25,0,4.800139665603638,0.1,64
170,stop_on_plateau,0.07545265590284425,81,19,105.54758975380345,19,25,0,3.13344407081604,0.1,64
171,hyperband,0.14029232398629646,81,143,4.849233126655399,1581,25,0,11.979121208190918,0.1,64
172,stop_on_plateau,0.0835086770021463,243,19,105.5680365311472,19,25,0,3.1340510845184326,0.1,64
173,hyperband,0.2881166480114186,243,143,4.231022982162035,4743,25,0,31.355846881866455,0.1,64
174,stop_on_plateau,0.036212135830687345,9,7,14.630023411342075,7,25,1,1.2801270484924316,0.1,8
175,hyperband,0.05123764524376064,9,17,3.4505808180656983,69,25,1,2.976125955581665,0.1,8
176,stop_on_plateau,0.06095440683072528,27,13,32.98781468318059,13,25,1,5.360519886016846,0.1,8
177,hyperband,0.07724378386060651,27,49,1.7164933982015655,357,25,1,7.659851789474487,0.1,8
178,stop_on_plateau,0.07048920049219395,81,19,30.19407171952097,19,25,1,7.1710920333862305,0.1,8
179,hyperband,0.09722203945051802,81,143,1.3823642284337814,1581,25,1,27.318973064422607,0.1,8
180,stop_on_plateau,0.05122154456195768,243,19,30.62386964496813,19,25,1,7.273169040679932,0.1,8
181,hyperband,0.3598265701742079,243,143,1.3485347684264661,4743,25,1,79.9512550830841,0.1,8
182,stop_on_plateau,0.05142808247043222,9,7,28.069234575544083,7,25,1,1.2280290126800537,0.1,16
183,hyperband,0.049054710652741335,9,17,6.51439777318982,69,25,1,2.8093340396881104,0.1,16
184,stop_on_plateau,0.05925849754606432,27,13,39.67122591458834,13,25,1,3.2232871055603027,0.1,16
185,hyperband,0.07179201251399114,27,49,2.4515007724281115,357,25,1,5.469911098480225,0.1,16
186,stop_on_plateau,0.08938796082995173,81,19,35.080909729003906,19,25,1,4.165858030319214,0.1,16
187,hyperband,0.12185342501292967,81,143,1.671384103233342,1581,25,1,16.515364170074463,0.1,16
188,stop_on_plateau,0.07613254027915238,243,19,35.278527109246504,19,25,1,4.1893250942230225,0.1,16
189,hyperband,0.31867017287177096,243,143,1.5305241748247622,4743,25,1,45.37047600746155,0.1,16
190,stop_on_plateau,0.04522735732256437,9,7,42.56996972220284,7,25,1,1.241624116897583,0.1,24
191,hyperband,0.05248804161261227,9,17,9.460201263427733,69,25,1,2.7198078632354736,0.1,24
192,stop_on_plateau,0.06521468036504748,27,13,56.773958939772385,13,25,1,3.075256109237671,0.1,24
193,hyperband,0.06253544512828597,27,49,3.4854178869423746,357,25,1,5.184559106826782,0.1,24
194,stop_on_plateau,0.07496818190231472,81,19,39.89016181544253,19,25,1,3.157971143722534,0.1,24
195,hyperband,0.13253358285397693,81,143,2.135367131097493,1581,25,1,14.066730976104736,0.1,24
196,stop_on_plateau,0.05900958038810183,243,19,40.14096209877415,19,25,1,3.177826166152954,0.1,24
197,hyperband,0.35078259045022653,243,143,1.9487525872381937,4743,25,1,38.5122230052948,0.1,24
198,stop_on_plateau,0.05037185716464758,9,7,55.54947989327567,7,25,1,1.2151448726654053,0.1,32
199,hyperband,0.049987953107764604,9,17,11.996722014054008,69,25,1,2.5867931842803955,0.1,32
200,stop_on_plateau,0.05807753536736179,27,13,83.71424161470853,13,25,1,3.400891065597534,0.1,32
201,hyperband,0.061592516821601426,27,49,4.515397956057423,357,25,1,5.0374908447265625,0.1,32
202,stop_on_plateau,0.05673759569068587,81,19,55.974213449578535,19,25,1,3.3234689235687256,0.1,32
203,hyperband,0.20199464924773475,81,143,2.5508938523352254,1581,25,1,12.603009939193726,0.1,32
204,stop_on_plateau,0.048799598812455464,243,19,52.16837431255139,19,25,1,3.0974972248077393,0.1,32
205,hyperband,0.30781391727142904,243,143,2.265763545172038,4743,25,1,33.5828640460968,0.1,32
206,stop_on_plateau,0.05532927056282891,9,7,70.75154440743582,7,25,1,1.238152027130127,0.1,40
207,hyperband,0.04136226000187565,9,17,16.42229660697605,69,25,1,2.832846164703369,0.1,40
208,stop_on_plateau,0.042439582955732344,27,13,94.87920174231895,13,25,1,3.083574056625366,0.1,40
209,hyperband,0.05503794903851336,27,49,5.46533760904264,357,25,1,4.877813816070557,0.1,40
210,stop_on_plateau,0.06641583265928593,81,19,65.58095028525905,19,25,1,3.1150951385498047,0.1,40
211,hyperband,0.09201117171527175,81,143,3.1093085890401393,1581,25,1,12.289542198181152,0.1,40
212,stop_on_plateau,0.06607733138399281,243,19,66.00117432443719,19,25,1,3.1350557804107666,0.1,40
213,hyperband,0.29981184276467626,243,143,2.784633354976814,4743,25,1,33.01879000663757,0.1,40
214,stop_on_plateau,0.044881158920493804,9,7,83.67532457624162,7,25,1,1.2202651500701904,0.1,48
215,hyperband,0.04067946592920857,9,17,18.364292642344598,69,25,1,2.639867067337036,0.1,48
216,stop_on_plateau,0.06555506281997295,27,13,114.18424459604117,13,25,1,3.0924899578094482,0.1,48
217,hyperband,0.04976396950341143,27,49,6.381433310628939,357,25,1,4.746191024780273,0.1,48
218,stop_on_plateau,0.06427718733371314,81,19,78.11488904451068,19,25,1,3.092047691345215,0.1,48
219,hyperband,0.12481168478880514,81,143,3.5653842151504307,1581,25,1,11.743484258651733,0.1,48
220,stop_on_plateau,0.050566333194698956,243,19,78.99974019903884,19,25,1,3.127073049545288,0.1,48
221,hyperband,0.26538060680741954,243,143,3.267667433794807,4743,25,1,32.28863883018494,0.1,48
222,stop_on_plateau,0.04274903034431209,9,7,96.86201095581055,7,25,1,1.2107751369476318,0.1,56
223,hyperband,0.04873837076304986,9,17,20.81728534422059,69,25,1,2.5649869441986084,0.1,56
224,stop_on_plateau,0.07693344005880973,27,13,133.93903145423303,13,25,1,3.1092989444732666,0.1,56
225,hyperband,0.04710406943039588,27,49,7.890575633329503,357,25,1,5.030241966247559,0.1,56
226,stop_on_plateau,0.07153684544498787,81,19,98.73536360891241,19,25,1,3.349949836730957,0.1,56
227,hyperband,0.11331057455917429,81,143,4.098592585660776,1581,25,1,11.571205139160156,0.1,56
228,stop_on_plateau,0.0694295681751981,243,19,92.01490201448138,19,25,1,3.121934175491333,0.1,56
229,hyperband,0.25894619511367467,243,143,3.681975426413504,4743,25,1,31.185016870498657,0.1,56
230,stop_on_plateau,0.050671319573729647,9,7,112.09134783063615,7,25,1,1.225999116897583,0.1,64
231,hyperband,0.045120818141528365,9,17,25.311146611752715,69,25,1,2.72885799407959,0.1,64
232,stop_on_plateau,0.06991566653564188,27,13,151.21166522686298,13,25,1,3.0714869499206543,0.1,64
233,hyperband,0.04585497158028482,27,49,9.058536561597295,357,25,1,5.052964925765991,0.1,64
234,stop_on_plateau,0.08144489522625253,81,19,113.74767102693255,19,25,1,3.3768839836120605,0.1,64
235,hyperband,0.09871970419356062,81,143,4.621034799535993,1581,25,1,11.41540002822876,0.1,64
236,stop_on_plateau,0.04953749789461143,243,19,107.41817273591694,19,25,1,3.188977003097534,0.1,64
237,hyperband,0.27242943901526295,243,143,4.167127550942672,4743,25,1,30.88232183456421,0.1,64
238,stop_on_plateau,0.041689700856024046,9,7,15.762664249965121,7,25,2,1.3792331218719482,0.1,8
239,hyperband,0.048742510693211026,9,17,3.7340382562167402,69,25,2,3.2206079959869385,0.1,8
240,stop_on_plateau,0.0556123841816316,27,13,32.02902720524715,13,25,2,5.204716920852661,0.1,8
241,hyperband,0.0698060440412733,27,49,1.7212764088179215,357,25,2,7.681195974349976,0.1,8
242,stop_on_plateau,0.0632136510044754,81,19,31.157321929931637,19,25,2,7.399863958358765,0.1,8
243,hyperband,0.1519387179108103,81,143,1.147809230700691,1581,25,2,22.683579921722412,0.1,8
244,stop_on_plateau,0.07723824101668911,243,19,30.534029508891855,19,25,2,7.251832008361816,0.1,8
245,hyperband,0.28964020396489487,243,143,1.2929277502482586,4743,25,2,76.65445399284363,0.1,8
246,stop_on_plateau,0.039937889008802234,9,7,27.786718096051896,7,25,2,1.2156689167022705,0.1,16
247,hyperband,0.04532647005232977,9,17,5.7963407212409415,69,25,2,2.4996719360351562,0.1,16
248,stop_on_plateau,0.05710345047966053,27,13,38.585023146409256,13,25,2,3.135033130645752,0.1,16
249,hyperband,0.08674828302670338,27,49,2.4717539298434215,357,25,2,5.515100955963135,0.1,16
250,stop_on_plateau,0.056615661110311764,81,19,36.9355633384303,19,25,2,4.386098146438599,0.1,16
251,hyperband,0.085632708389978,81,143,1.6504646508773617,1581,25,2,16.308653831481934,0.1,16
252,stop_on_plateau,0.07020942222138243,243,19,33.46249429803145,19,25,2,3.9736711978912354,0.1,16
253,hyperband,0.3167752969108004,243,143,1.5124295045875582,4743,25,2,44.83408212661743,0.1,16
254,stop_on_plateau,0.051118684825770845,9,7,41.711450304303845,7,25,2,1.2165839672088623,0.1,24
255,hyperband,0.05255103031910317,9,17,8.51325574128524,69,25,2,2.447561025619507,0.1,24
256,stop_on_plateau,0.054887202504315065,27,13,57.43521176851713,13,25,2,3.1110739707946777,0.1,24
257,hyperband,0.05731008005937775,27,49,3.517848102986312,357,25,2,5.232799053192139,0.1,24
258,stop_on_plateau,0.06853778631881582,81,19,43.78685097945363,19,25,2,3.466459035873413,0.1,24
259,hyperband,0.11249687554363723,81,143,2.0678958132778216,1581,25,2,13.622263669967651,0.1,24
260,stop_on_plateau,0.04495807514693076,243,19,40.45877356278268,19,25,2,3.202986240386963,0.1,24
261,hyperband,0.22287931657668672,243,143,1.8940121399157415,4743,25,2,37.43041491508484,0.1,24
262,stop_on_plateau,0.040928168820902014,9,7,55.62734331403459,7,25,2,1.2168481349945068,0.1,32
263,hyperband,0.05222922553997237,9,17,12.104185906009397,69,25,2,2.6099650859832764,0.1,32
264,stop_on_plateau,0.0642998028426088,27,13,75.47505305363582,13,25,2,3.066174030303955,0.1,32
265,hyperband,0.05172801289799722,27,49,4.635269207780768,357,25,2,5.17122220993042,0.1,32
266,stop_on_plateau,0.05798271199655711,81,19,57.36455013877467,19,25,2,3.406020164489746,0.1,32
267,hyperband,0.14172841337522762,81,143,2.5811197183163834,1581,25,2,12.752344608306885,0.1,32
268,stop_on_plateau,0.05435185025153624,243,19,52.11461117393092,19,25,2,3.0943050384521484,0.1,32
269,hyperband,0.377282455777298,243,143,2.325655016093824,4743,25,2,34.47056794166565,0.1,32
270,stop_on_plateau,0.05162573673820694,9,7,69.56868852887834,7,25,2,1.217452049255371,0.1,40
271,hyperband,0.05162773736907291,9,17,14.103705641152201,69,25,2,2.432889223098755,0.1,40
272,stop_on_plateau,0.0660456561091934,27,13,104.1271136357234,13,25,2,3.3841311931610107,0.1,40
273,hyperband,0.07701737311200414,27,49,5.377023894579804,357,25,2,4.798993825912476,0.1,40
274,stop_on_plateau,0.05693358876681955,81,19,64.60456848144531,19,25,2,3.0687170028686523,0.1,40
275,hyperband,0.15039364366337568,81,143,3.0785730109796874,1581,25,2,12.168059825897217,0.1,40
276,stop_on_plateau,0.06772998423000984,243,19,67.3074069776033,19,25,2,3.1971018314361572,0.1,40
277,hyperband,0.3491401186592381,243,143,2.749758130660068,4743,25,2,32.60525703430176,0.1,40
278,stop_on_plateau,0.05970703906186983,9,7,84.54486301967074,7,25,2,1.2329459190368652,0.1,48
279,hyperband,0.04658840079151019,9,17,18.690595212190047,69,25,2,2.6867730617523193,0.1,48
280,stop_on_plateau,0.0496298642999213,27,13,123.37355100191556,13,25,2,3.34136700630188,0.1,48
281,hyperband,0.05935753797475795,27,49,6.358625908859637,357,25,2,4.7292280197143555,0.1,48
282,stop_on_plateau,0.06286650870021993,81,19,78.52163615979646,19,25,2,3.1081480979919434,0.1,48
283,hyperband,0.09608523755238178,81,143,3.5357358378748733,1581,25,2,11.645829916000366,0.1,48
284,stop_on_plateau,0.06754797270658575,243,19,78.84563646818461,19,25,2,3.1209731101989746,0.1,48
285,hyperband,0.38905346151771864,243,143,3.259546930167134,4743,25,2,32.20839810371399,0.1,48
286,stop_on_plateau,0.05065880366607734,9,7,97.17975616455078,7,25,2,1.2147469520568848,0.1,56
287,hyperband,0.05011146921091146,9,17,21.892623901367188,69,25,2,2.697484016418457,0.1,56
288,stop_on_plateau,0.04901772455684764,27,13,132.57585965670071,13,25,2,3.0776538848876953,0.1,56
289,hyperband,0.050958134289865065,27,49,7.344368579340915,357,25,2,4.682034969329834,0.1,56
290,stop_on_plateau,0.04942167036020643,81,19,91.22273997256629,19,25,2,3.095057249069214,0.1,56
291,hyperband,0.1312048215414414,81,143,4.159597436662416,1581,25,2,11.74343490600586,0.1,56
292,stop_on_plateau,0.05961805249931629,243,19,92.0911387393349,19,25,2,3.124520778656006,0.1,56
293,hyperband,0.3938474790469859,243,143,3.7171745300292973,4743,25,2,31.48314070701599,0.1,56
294,stop_on_plateau,0.04736613223289038,9,7,110.98661150251115,7,25,2,1.2139160633087158,0.1,64
295,hyperband,0.049046988735893714,9,17,22.767073036967844,69,25,2,2.4545750617980957,0.1,64
296,stop_on_plateau,0.0735616195805125,27,13,152.77253371018628,13,25,2,3.103192090988159,0.1,64
297,hyperband,0.0548505969619947,27,49,8.36783871263349,357,25,2,4.667685031890869,0.1,64
298,stop_on_plateau,0.06064745001489481,81,19,115.61265644274259,19,25,2,3.432250738143921,0.1,64
299,hyperband,0.11950248391051951,81,143,4.608760594869247,1581,25,2,11.38507890701294,0.1,64
300,stop_on_plateau,0.06231873598549041,243,19,103.17470349763569,19,25,2,3.0629990100860596,0.1,64
301,hyperband,0.31019723646909486,243,143,4.189483848473655,4743,25,2,31.04800295829773,0.1,64
302,stop_on_plateau,0.041367847005539214,9,7,14.860125950404575,7,25,3,1.3002610206604004,0.1,8
303,hyperband,0.038378942193067825,9,17,3.289630171181499,69,25,3,2.837306022644043,0.1,8
304,stop_on_plateau,0.05122823516060756,27,13,34.41540938157301,13,25,3,5.592504024505615,0.1,8
305,hyperband,0.07487496336550997,27,49,1.6208914214489505,357,25,3,7.233227968215942,0.1,8
306,stop_on_plateau,0.06146778344887607,81,19,30.236685903448805,19,25,3,7.181212902069092,0.1,8
307,hyperband,0.1084233084811198,81,143,1.3919311803326735,1581,25,3,27.508039951324463,0.1,8
308,stop_on_plateau,0.06805092735321605,243,19,31.361890090139287,19,25,3,7.448448896408081,0.1,8
309,hyperband,0.27213318946262677,243,143,1.2661004393205797,4743,25,3,75.06392979621887,0.1,8
310,stop_on_plateau,0.05394502211278406,9,7,28.46443176269531,7,25,3,1.24531888961792,0.1,16
311,hyperband,0.042003748320231696,9,17,6.354759326879528,69,25,3,2.740489959716797,0.1,16
312,stop_on_plateau,0.05187703241758716,27,13,38.74649634728065,13,25,3,3.1481528282165527,0.1,16
313,hyperband,0.06579738091950926,27,49,2.4508872152376573,357,25,3,5.468542098999023,0.1,16
314,stop_on_plateau,0.05807907763901097,81,19,33.56860512181332,19,25,3,3.986271858215332,0.1,16
315,hyperband,0.149598402724953,81,143,1.6349191683745699,1581,25,3,16.15504503250122,0.1,16
316,stop_on_plateau,0.05939061398387167,243,19,34.40575248316714,19,25,3,4.085683107376099,0.1,16
317,hyperband,0.3719974487703043,243,143,1.5164514244444733,4743,25,3,44.953306913375854,0.1,16
318,stop_on_plateau,0.049488093141687776,9,7,41.75366265433175,7,25,3,1.2178151607513428,0.1,24
319,hyperband,0.05582369652117961,9,17,8.705672388491422,69,25,3,2.502880811691284,0.1,24
320,stop_on_plateau,0.05893456096860955,27,13,56.546142284686745,13,25,3,3.0629160404205322,0.1,24
321,hyperband,0.05581251263145489,27,49,3.5325378930869222,357,25,3,5.254650115966797,0.1,24
322,stop_on_plateau,0.06832391626046716,81,19,39.94485553942228,19,25,3,3.1623010635375977,0.1,24
323,hyperband,0.08426704035390084,81,143,2.069288612090659,1581,25,3,13.631438732147217,0.1,24
324,stop_on_plateau,0.05634648316035204,243,19,40.42293247423673,19,25,3,3.200148820877075,0.1,24
325,hyperband,0.1987229231844901,243,143,1.8874205191779334,4743,25,3,37.300148010253906,0.1,24
326,stop_on_plateau,0.04883062426407982,9,7,55.10638645717076,7,25,3,1.2054522037506104,0.1,32
327,hyperband,0.0437217333263753,9,17,11.57275877137115,69,25,3,2.4953761100769043,0.1,32
328,stop_on_plateau,0.0564321586828803,27,13,76.18126502403845,13,25,3,3.0948638916015625,0.1,32
329,hyperband,0.04084813703579141,27,49,4.285004345976672,357,25,3,4.780457973480225,0.1,32
330,stop_on_plateau,0.059039769373320394,81,19,52.49279624537417,19,25,3,3.116759777069092,0.1,32
331,hyperband,0.09159502528448075,81,143,2.645805740115161,1581,25,3,13.07193398475647,0.1,32
332,stop_on_plateau,0.06454410857875274,243,19,52.23466170461554,19,25,3,3.101433038711548,0.1,32
333,hyperband,0.24611177676967055,243,143,2.299997601960496,4743,25,3,34.09027695655823,0.1,32
334,stop_on_plateau,0.035140004968074116,9,7,69.24452100481305,7,25,3,1.2117791175842285,0.1,40
335,hyperband,0.048612225508840624,9,17,14.715287305306695,69,25,3,2.5383870601654053,0.1,40
336,stop_on_plateau,0.06025164092666725,27,13,104.98477495633638,13,25,3,3.4120051860809326,0.1,40
337,hyperband,0.04733612548295843,27,49,5.277902405469023,357,25,3,4.7105278968811035,0.1,40
338,stop_on_plateau,0.07607768368121968,81,19,65.4174101980109,19,25,3,3.1073269844055176,0.1,40
339,hyperband,0.1404409422383553,81,143,3.0255838257839676,1581,25,3,11.958620071411133,0.1,40
340,stop_on_plateau,0.0595833249716209,243,19,73.11322563572934,19,25,3,3.4728782176971436,0.1,40
341,hyperband,0.3914936999909519,243,143,2.7078581489693283,4743,25,3,32.10842800140381,0.1,40
342,stop_on_plateau,0.045553956313627096,9,7,83.35907527378626,7,25,3,1.2156531810760498,0.1,48
343,hyperband,0.051145939132616336,9,17,17.08935613217561,69,25,3,2.456594944000244,0.1,48
344,stop_on_plateau,0.05915834689283252,27,13,115.54652287409856,13,25,3,3.129384994506836,0.1,48
345,hyperband,0.056685041338383514,27,49,6.3341406814190515,357,25,3,4.71101713180542,0.1,48
346,stop_on_plateau,0.05184765170587628,81,19,87.28969573974608,19,25,3,3.455217123031616,0.1,48
347,hyperband,0.1243822681519491,81,143,3.5593551838420594,1581,25,3,11.723626136779785,0.1,48
348,stop_on_plateau,0.06569682893446005,243,19,77.97928860313013,19,25,3,3.0866801738739014,0.1,48
349,hyperband,0.3628558937980887,243,143,3.2434107124767753,4743,25,3,32.04895210266113,0.1,48
350,stop_on_plateau,0.05080155257561554,9,7,96.58720016479492,7,25,3,1.2073400020599365,0.1,56
351,hyperband,0.04350054719261244,9,17,20.266002433887426,69,25,3,2.497061014175415,0.1,56
352,stop_on_plateau,0.08223873579622766,27,13,133.54266826923077,13,25,3,3.10009765625,0.1,56
353,hyperband,0.05457052949763914,27,49,7.37549015119964,357,25,3,4.7018749713897705,0.1,56
354,stop_on_plateau,0.05323710421905518,81,19,90.87844848632811,19,25,3,3.083375930786133,0.1,56
355,hyperband,0.067144359827978,81,143,4.242751322389779,1581,25,3,11.978196144104004,0.1,56
356,stop_on_plateau,0.05436416555760267,243,19,91.34097751818204,19,25,3,3.0990688800811768,0.1,56
357,hyperband,0.30229284251687927,243,143,3.7424685144233423,4743,25,3,31.6973717212677,0.1,56
358,stop_on_plateau,0.04850122098386102,9,7,111.2243216378348,7,25,3,1.2165160179138184,0.1,64
359,hyperband,0.05192763744508974,9,17,22.60154392408288,69,25,3,2.4367289543151855,0.1,64
360,stop_on_plateau,0.07598112737394355,27,13,151.86289860652042,13,25,3,3.0847151279449463,0.1,64
361,hyperband,0.04866216078401987,27,49,8.438383471064206,357,25,3,4.707035779953003,0.1,64
362,stop_on_plateau,0.07923214376601631,81,19,104.11311099403783,19,25,3,3.090857982635498,0.1,64
363,hyperband,0.062236621672664735,81,143,4.842434810129318,1581,25,3,11.962327241897583,0.1,64
364,stop_on_plateau,0.06335973699803706,243,19,106.38736925627055,19,25,3,3.1583750247955322,0.1,64
365,hyperband,0.34580600101159015,243,143,4.203191439913919,4743,25,3,31.14958906173706,0.1,64
366,stop_on_plateau,0.04432313853508771,9,7,14.769306182861326,7,25,4,1.2923142910003662,0.1,8
367,hyperband,0.04692288332429418,9,17,3.484466110450634,69,25,4,3.005352020263672,0.1,8
368,stop_on_plateau,0.057983552802887854,27,13,32.34391872699444,13,25,4,5.255886793136597,0.1,8
369,hyperband,0.049740812870555026,27,49,1.6380147640110732,357,25,4,7.309640884399414,0.1,8
370,stop_on_plateau,0.06720129952456583,81,19,30.204438661274153,19,25,4,7.173554182052612,0.1,8
371,hyperband,0.2483434357406849,81,143,1.4035603850797185,1581,25,4,27.73786211013794,0.1,8
372,stop_on_plateau,0.06950904424997764,243,19,30.790341025904603,19,25,4,7.312705993652344,0.1,8
373,hyperband,0.2994336946011763,243,143,1.243081319038058,4743,25,4,73.69918370246887,0.1,8
374,stop_on_plateau,0.04722129739593004,9,7,28.040041242327007,7,25,4,1.2267518043518066,0.1,16
375,hyperband,0.04703051613569984,9,17,5.713288680366848,69,25,4,2.463855743408203,0.1,16
376,stop_on_plateau,0.06351654359913224,27,13,38.757881751427284,13,25,4,3.149077892303467,0.1,16
377,hyperband,0.07220196124346154,27,49,2.5675128755115324,357,25,4,5.728763103485107,0.1,16
378,stop_on_plateau,0.05158460290125681,81,19,33.38384929456209,19,25,4,3.964332103729248,0.1,16
379,hyperband,0.1542620170325623,81,143,1.6536129463480513,1581,25,4,16.339762926101685,0.1,16
380,stop_on_plateau,0.049338240741970164,243,19,33.18304764597039,19,25,4,3.9404869079589844,0.1,16
381,hyperband,0.36760298000233227,243,143,1.4999226138432418,4743,25,4,44.4633309841156,0.1,16
382,stop_on_plateau,0.05209274650804677,9,7,41.78430829729352,7,25,4,1.2187089920043945,0.1,24
383,hyperband,0.04736650211020592,9,17,11.073692985202953,69,25,4,3.1836867332458496,0.1,24
384,stop_on_plateau,0.058874907573702236,27,13,56.808942648080674,13,25,4,3.07715106010437,0.1,24
385,hyperband,0.05978269260412558,27,49,3.2965168031323855,357,25,4,4.903568744659424,0.1,24
386,stop_on_plateau,0.06504822341992607,81,19,40.120510302091894,19,25,4,3.1762070655822754,0.1,24
387,hyperband,0.13240833102544491,81,143,2.089088302409626,1581,25,4,13.761869192123413,0.1,24
388,stop_on_plateau,0.08704203272023536,243,19,44.8598279451069,19,25,4,3.551403045654297,0.1,24
389,hyperband,0.17951481459701066,243,143,1.89160703481714,4743,25,4,37.38288402557373,0.1,24
390,stop_on_plateau,0.044405978767590774,9,7,54.661396571568076,7,25,4,1.1957180500030518,0.1,32
391,hyperband,0.04703332991967903,9,17,11.495470793350883,69,25,4,2.478710889816284,0.1,32
392,stop_on_plateau,0.07167009718999427,27,13,76.55502906212439,13,25,4,3.1100480556488037,0.1,32
393,hyperband,0.05392774509408099,27,49,4.337067590708158,357,25,4,4.838541030883789,0.1,32
394,stop_on_plateau,0.055298328047207246,81,19,59.34826499537417,19,25,4,3.523803234100342,0.1,32
395,hyperband,0.1120810920308721,81,143,2.518140152238125,1581,25,4,12.44118618965149,0.1,32
396,stop_on_plateau,0.06374964896804118,243,19,51.875317222193665,19,25,4,3.080096960067749,0.1,32
397,hyperband,0.30080027880100124,243,143,2.2957375590971645,4743,25,4,34.027135133743286,0.1,32
398,stop_on_plateau,0.05050603637857016,9,7,70.88644845145089,7,25,4,1.2405128479003906,0.1,40
399,hyperband,0.05089852038078876,9,17,14.634654832922893,69,25,4,2.524477958679199,0.1,40
400,stop_on_plateau,0.06608423807324515,27,13,94.99830832848181,13,25,4,3.087445020675659,0.1,40
401,hyperband,0.05019943319775637,27,49,5.269831168551405,357,25,4,4.703324317932129,0.1,40
402,stop_on_plateau,0.052093423287372535,81,19,64.9846729479338,19,25,4,3.0867719650268555,0.1,40
403,hyperband,0.10519992234300869,81,143,3.106362996110427,1581,25,4,12.277899742126465,0.1,40
404,stop_on_plateau,0.07326110411229245,243,19,64.99059074803402,19,25,4,3.087053060531616,0.1,40
405,hyperband,0.23560691693233343,243,143,2.7142896095258187,4743,25,4,32.18468904495239,0.1,40
406,stop_on_plateau,0.051262471585941195,9,7,82.8485379900251,7,25,4,1.2082078456878662,0.1,48
407,hyperband,0.04649349434544299,9,17,17.439603390900984,69,25,4,2.5069429874420166,0.1,48
408,stop_on_plateau,0.05499783457588298,27,13,114.1728005042443,13,25,4,3.092180013656616,0.1,48
409,hyperband,0.07657797764219597,27,49,6.348891378450794,357,25,4,4.721987962722778,0.1,48
410,stop_on_plateau,0.05568154437445333,81,19,77.88345939234682,19,25,4,3.0828869342803955,0.1,48
411,hyperband,0.15195283292053524,81,143,3.6950105960274096,1581,25,4,12.170441150665283,0.1,48
412,stop_on_plateau,0.047457845928958076,243,19,79.31221811394941,19,25,4,3.139441967010498,0.1,48
413,hyperband,0.32410398175932065,243,143,3.253471475850925,4743,25,4,32.14836502075195,0.1,48
414,stop_on_plateau,0.053621162362277625,9,7,98.54480743408203,7,25,4,1.2318100929260254,0.1,56
415,hyperband,0.04659331507946887,9,17,20.999352551888727,69,25,4,2.5874202251434326,0.1,56
416,stop_on_plateau,0.06630938587687409,27,13,133.04151681753305,13,25,4,3.08846378326416,0.1,56
417,hyperband,0.051069211636621564,27,49,7.3329300973929605,357,25,4,4.674742937088013,0.1,56
418,stop_on_plateau,0.06243267591178955,81,19,90.937096445184,19,25,4,3.0853657722473145,0.1,56
419,hyperband,0.12203181187761072,81,143,4.239650427126416,1581,25,4,11.969441652297974,0.1,56
420,stop_on_plateau,0.05928522633119288,243,19,92.00030678196956,19,25,4,3.121438980102539,0.1,56
421,hyperband,0.30351706544910095,243,143,3.7164793993736556,4743,25,4,31.477253198623657,0.1,56
422,stop_on_plateau,0.05184600975564429,9,7,113.38256835937499,7,25,4,1.240121841430664,0.1,64
423,hyperband,0.046836234149676415,9,17,24.707349694293477,69,25,4,2.6637611389160156,0.1,64
424,stop_on_plateau,0.04999476804587066,27,13,153.9246309720553,13,25,4,3.126594066619873,0.1,64
425,hyperband,0.05059672170056711,27,49,8.429676558123248,357,25,4,4.702178955078125,0.1,64
426,stop_on_plateau,0.060181239656600966,81,19,104.47957089072779,19,25,4,3.1017372608184814,0.1,64
427,hyperband,0.14485502955988871,81,143,4.855870651640822,1581,25,4,11.99551796913147,0.1,64
428,stop_on_plateau,0.06397867020255694,243,19,107.07139667711759,19,25,4,3.1786820888519287,0.1,64
429,hyperband,0.2735618959284134,243,143,4.191294281436953,4743,25,4,31.06141996383667,0.1,64
430,stop_on_plateau,0.04712549166506738,9,7,14.371381487165177,7,25,5,1.2574958801269531,0.1,8
431,hyperband,0.045442378226515937,9,17,3.4662332396576367,69,25,5,2.989626169204712,0.1,8
432,stop_on_plateau,0.05916486674248502,27,13,32.30857849121094,13,25,5,5.250144004821777,0.1,8
433,hyperband,0.060784988539743415,27,49,1.562432735240092,357,25,5,6.972356081008911,0.1,8
434,stop_on_plateau,0.0647746895934508,81,19,31.723718141254622,19,25,5,7.534383058547974,0.1,8
435,hyperband,0.13274959680263815,81,143,1.3500485187991367,1581,25,5,26.680333852767944,0.1,8
436,stop_on_plateau,0.06730225554722914,243,19,31.419986925627054,19,25,5,7.462246894836426,0.1,8
437,hyperband,0.4309889762964591,243,143,1.2795517632108233,4743,25,5,75.8614251613617,0.1,8
438,stop_on_plateau,0.05676212487781827,9,7,28.03115844726562,7,25,5,1.226363182067871,0.1,16
439,hyperband,0.04611156782487324,9,17,5.794840826504472,69,25,5,2.4990251064300537,0.1,16
440,stop_on_plateau,0.058730207427230945,27,13,38.55578202467698,13,25,5,3.132657289505005,0.1,16
441,hyperband,0.04740184102986322,27,49,2.382286990724024,357,25,5,5.3154778480529785,0.1,16
442,stop_on_plateau,0.06467075753938634,81,19,34.48601371363589,19,25,5,4.095214128494263,0.1,16
443,hyperband,0.07808100301603842,81,143,1.663677160080892,1581,25,5,16.439209938049316,0.1,16
444,stop_on_plateau,0.04721739899260047,243,19,34.41477725380345,19,25,5,4.08675479888916,0.1,16
445,hyperband,0.2713499306659006,243,143,1.5338690924840512,4743,25,5,45.4696319103241,0.1,16
446,stop_on_plateau,0.03668291875434244,9,7,41.47957665579659,7,25,5,1.2098209857940674,0.1,24
447,hyperband,0.02941078301266277,9,17,9.45350646972656,69,25,5,2.7178831100463867,0.1,24
448,stop_on_plateau,0.06776321360246265,27,13,57.00993171105018,13,25,5,3.0880379676818848,0.1,24
449,hyperband,0.05463165649151702,27,49,3.3160193627621948,357,25,5,4.932578802108765,0.1,24
450,stop_on_plateau,0.07603931949235833,81,19,40.29416837190326,19,25,5,3.189954996109009,0.1,24
451,hyperband,0.20389477989434204,81,143,2.0766087410798333,1581,25,5,13.679660081863403,0.1,24
452,stop_on_plateau,0.06180933933673706,243,19,40.27437310469777,19,25,5,3.188387870788574,0.1,24
453,hyperband,0.32650175606104864,243,143,1.9204487761389524,4743,25,5,37.952868938446045,0.1,24
454,stop_on_plateau,0.03787544117917197,9,7,55.454766409737715,7,25,5,1.2130730152130127,0.1,32
455,hyperband,0.04050063668197197,9,17,11.872885883718297,69,25,5,2.560091018676758,0.1,32
456,stop_on_plateau,0.06115870787297977,27,13,76.89797034630408,13,25,5,3.1239800453186035,0.1,32
457,hyperband,0.0712503024721981,27,49,4.267884796740962,357,25,5,4.761358976364136,0.1,32
458,stop_on_plateau,0.061255829380371246,81,19,51.995741191663235,19,25,5,3.087247133255005,0.1,32
459,hyperband,0.12012773027938711,81,143,2.566789678951217,1581,25,5,12.68154525756836,0.1,32
460,stop_on_plateau,0.09367769016124146,243,19,52.13221098247327,19,25,5,3.0953500270843506,0.1,32
461,hyperband,0.2701603576686849,243,143,2.3268921908612445,4743,25,5,34.48890519142151,0.1,32
462,stop_on_plateau,0.04650793463323429,9,7,70.7120486668178,7,25,5,1.2374608516693115,0.1,40
463,hyperband,0.05514946752810001,9,17,15.569677214691604,69,25,5,2.6857693195343018,0.1,40
464,stop_on_plateau,0.0654536659229284,27,13,95.58655665471004,13,25,5,3.106563091278076,0.1,40
465,hyperband,0.05593123765429703,27,49,5.316069680435651,357,25,5,4.744592189788818,0.1,40
466,stop_on_plateau,0.05722860103076733,81,19,65.40092669035259,19,25,5,3.106544017791748,0.1,40
467,hyperband,0.11979335746015642,81,143,3.0852371495709545,1581,25,5,12.1943998336792,0.1,40
468,stop_on_plateau,0.05537937857923114,243,19,65.57755721242805,19,25,5,3.114933967590332,0.1,40
469,hyperband,0.33154297851450176,243,143,2.773467765034389,4743,25,5,32.886394023895264,0.1,40
470,stop_on_plateau,0.04427994873878547,9,7,83.51675851004462,7,25,5,1.2179527282714844,0.1,48
471,hyperband,0.047366721270085545,9,17,17.963316544242524,69,25,5,2.5822267532348633,0.1,48
472,stop_on_plateau,0.0567884124187755,27,13,114.46438716008113,13,25,5,3.1000771522521973,0.1,48
473,hyperband,0.056848404939256816,27,49,6.313342246688714,357,25,5,4.6955482959747314,0.1,48
474,stop_on_plateau,0.06123636049066373,81,19,78.76205845883017,19,25,5,3.1176648139953613,0.1,48
475,hyperband,0.11755292353279126,81,143,3.7202098202207727,1581,25,5,12.253441095352173,0.1,48
476,stop_on_plateau,0.061538073245145014,243,19,79.5393893593236,19,25,5,3.1484341621398926,0.1,48
477,hyperband,0.2891074216831083,243,143,3.2562050526840336,4743,25,5,32.175376176834106,0.1,48
478,stop_on_plateau,0.05531343345536182,9,7,97.9342269897461,7,25,5,1.2241778373718262,0.1,56
479,hyperband,0.04346249385037465,9,17,20.87199529012044,69,25,5,2.571727991104126,0.1,56
480,stop_on_plateau,0.06822227243402751,27,13,133.39440565842847,13,25,5,3.09665584564209,0.1,56
481,hyperband,0.06850130982723468,27,49,7.358613481708601,357,25,5,4.691116094589233,0.1,56
482,stop_on_plateau,0.05257372847308684,81,19,91.70687022962068,19,25,5,3.111483097076416,0.1,56
483,hyperband,0.08809486901545899,81,143,4.237379753310645,1581,25,5,11.96303105354309,0.1,56
484,stop_on_plateau,0.05241004350137097,243,19,92.0425113878752,19,25,5,3.122870922088623,0.1,56
485,hyperband,0.17086514616702816,243,143,3.738626716962827,4743,25,5,31.664833068847656,0.1,56
486,stop_on_plateau,0.05190289560632131,9,7,111.35641915457589,7,25,5,1.2179608345031738,0.1,64
487,hyperband,0.043103268895541086,9,17,26.050901551177535,69,25,5,2.808612823486328,0.1,64
488,stop_on_plateau,0.05668331081519008,27,13,153.13334538386417,13,25,5,3.110521078109741,0.1,64
489,hyperband,0.046118697233400285,27,49,8.58491486194087,357,25,5,4.788772821426392,0.1,64
490,stop_on_plateau,0.06328152692560504,81,19,104.79068153782895,19,25,5,3.110973358154297,0.1,64
491,hyperband,0.14656378081511356,81,143,4.864064746834973,1581,25,5,12.015759944915771,0.1,64
492,stop_on_plateau,0.08466065121215084,243,19,104.14696944387335,19,25,5,3.0918631553649902,0.1,64
493,hyperband,0.3366828670302408,243,143,4.2284372238426196,4743,25,5,31.336683988571167,0.1,64
494,stop_on_plateau,0.0507851583663134,9,7,15.86865288870675,7,25,6,1.3885071277618408,0.1,8
495,hyperband,0.051854735808039606,9,17,3.33763371343198,69,25,6,2.878709077835083,0.1,8
496,stop_on_plateau,0.049856658199394124,27,13,33.7253790635329,13,25,6,5.480374097824097,0.1,8
497,hyperband,0.04974368416338161,27,49,1.6595142161478849,357,25,6,7.4055821895599365,0.1,8
498,stop_on_plateau,0.0639077957685231,81,19,30.867650885331003,19,25,6,7.331067085266113,0.1,8
499,hyperband,0.12438267180502882,81,143,1.425634115123809,1581,25,6,28.174094200134277,0.1,8
500,stop_on_plateau,0.06481740335240975,243,19,30.748013948139388,19,25,6,7.3026533126831055,0.1,8
501,hyperband,0.41311145362194024,243,143,1.3380677715625637,4743,25,6,79.3306930065155,0.1,8
502,stop_on_plateau,0.03950029210572037,9,7,28.65538460867745,7,25,6,1.2536730766296387,0.1,16
503,hyperband,0.0543127313343465,9,17,5.746358788531759,69,25,6,2.4781172275543213,0.1,16
504,stop_on_plateau,0.04240793367345091,27,13,39.60609142596905,13,25,6,3.2179949283599854,0.1,16
505,hyperband,0.08155802925845557,27,49,2.454040484602044,357,25,6,5.4755778312683105,0.1,16
506,stop_on_plateau,0.058292463890026874,81,19,33.516116895173724,19,25,6,3.98003888130188,0.1,16
507,hyperband,0.0849399778692299,81,143,1.646920698191228,1581,25,6,16.273635149002075,0.1,16
508,stop_on_plateau,0.06357053366369916,243,19,33.47468526739823,19,25,6,3.97511887550354,0.1,16
509,hyperband,0.24463241281521073,243,143,1.5393868433682696,4743,25,6,45.633198738098145,0.1,16
510,stop_on_plateau,0.048089086104727126,9,7,41.27037048339843,7,25,6,1.203719139099121,0.1,24
511,hyperband,0.04007643470851436,9,17,8.604524861211361,69,25,6,2.4738008975982666,0.1,24
512,stop_on_plateau,0.0584200916806905,27,13,56.95403172419621,13,25,6,3.085010051727295,0.1,24
513,hyperband,0.04351299701674896,27,49,3.4093324677283023,357,25,6,5.07138204574585,0.1,24
514,stop_on_plateau,0.05941016963141409,81,19,45.20672848350123,19,25,6,3.5788660049438477,0.1,24
515,hyperband,0.055942448672068816,81,143,1.975650823546089,1581,25,6,13.014599800109863,0.1,24
516,stop_on_plateau,0.05201709973556916,243,19,45.86711883544921,19,25,6,3.6311469078063965,0.1,24
517,hyperband,0.2879521897106073,243,143,1.8969985098117972,4743,25,6,37.48943305015564,0.1,24
518,stop_on_plateau,0.052006940435564884,9,7,54.91748264857701,7,25,6,1.201319932937622,0.1,32
519,hyperband,0.04496114926194703,9,17,11.690346538156703,69,25,6,2.520730972290039,0.1,32
520,stop_on_plateau,0.04337650644718931,27,13,76.88984797551082,13,25,6,3.123650074005127,0.1,32
521,hyperband,0.07134673723884938,27,49,4.339679536365327,357,25,6,4.841454982757568,0.1,32
522,stop_on_plateau,0.05956340678471905,81,19,59.82940673828124,19,25,6,3.552371025085449,0.1,32
523,hyperband,0.11959207318296622,81,143,2.5160737975649554,1581,25,6,12.43097710609436,0.1,32
524,stop_on_plateau,0.06933954017409956,243,19,59.40845288728413,19,25,6,3.527376890182495,0.1,32
525,hyperband,0.46333788601554377,243,143,2.3150517019118633,4743,25,6,34.3134069442749,0.1,32
526,stop_on_plateau,0.04147250756679428,9,7,69.01948111397878,7,25,6,1.207840919494629,0.1,40
527,hyperband,0.03848416456620808,9,17,15.362034673276154,69,25,6,2.6499509811401367,0.1,40
528,stop_on_plateau,0.06088073067472173,27,13,96.25827349149263,13,25,6,3.1283938884735107,0.1,40
529,hyperband,0.04786975742631526,27,49,5.417002082204952,357,25,6,4.83467435836792,0.1,40
530,stop_on_plateau,0.05469747891559939,81,19,65.18625962106805,19,25,6,3.0963473320007324,0.1,40
531,hyperband,0.13752831681933148,81,143,2.960498961823262,1581,25,6,11.701372146606445,0.1,40
532,stop_on_plateau,0.05431018806241536,243,19,65.64097153513055,19,25,6,3.117946147918701,0.1,40
533,hyperband,0.29185137714092296,243,143,2.740086871763837,4743,25,6,32.4905800819397,0.1,40
534,stop_on_plateau,0.04529537686701181,9,7,85.83451407296316,7,25,6,1.251753330230713,0.1,48
535,hyperband,0.0358023452455028,9,17,17.786370982294496,69,25,6,2.556790828704834,0.1,48
536,stop_on_plateau,0.06739240444510408,27,13,114.75755838247446,13,25,6,3.1080172061920166,0.1,48
537,hyperband,0.051678412797499636,27,49,6.3060879106281185,357,25,6,4.690152883529663,0.1,48
538,stop_on_plateau,0.0686845196828389,81,19,78.67222836143091,19,25,6,3.1141090393066406,0.1,48
539,hyperband,0.0733172683956545,81,143,3.5447177488844575,1581,25,6,11.675414085388184,0.1,48
540,stop_on_plateau,0.05227894052048673,243,19,77.86178187320105,19,25,6,3.082028865814209,0.1,48
541,hyperband,0.33596939514178753,243,143,3.20907489021393,4743,25,6,31.70967125892639,0.1,48
542,stop_on_plateau,0.05269590380650499,9,7,97.37773895263672,7,25,6,1.217221736907959,0.1,56
543,hyperband,0.053405227711195824,9,17,21.703879038492836,69,25,6,2.6742279529571533,0.1,56
544,stop_on_plateau,0.06565009931759581,27,13,153.2886681189904,13,25,6,3.5584869384765625,0.1,56
545,hyperband,0.050707378677396914,27,49,7.498708986768535,357,25,6,4.780426979064941,0.1,56
546,stop_on_plateau,0.052331956368112484,81,19,90.71024141813578,19,25,6,3.0776689052581787,0.1,56
547,hyperband,0.08621889674318303,81,143,4.072890598362265,1581,25,6,11.498642921447754,0.1,56
548,stop_on_plateau,0.06432753655062616,243,19,92.40495380602384,19,25,6,3.1351680755615234,0.1,56
549,hyperband,0.27431508923013337,243,143,3.7435863140185828,4743,25,6,31.706839084625244,0.1,56
550,stop_on_plateau,0.052240705201638545,9,7,112.37960815429686,7,25,6,1.229151964187622,0.1,64
551,hyperband,0.04566356077342993,9,17,23.36590753085371,69,25,6,2.519136905670166,0.1,64
552,stop_on_plateau,0.06618330783165097,27,13,152.41827157827524,13,25,6,3.095996141433716,0.1,64
553,hyperband,0.05321937585693865,27,49,8.556409135919992,357,25,6,4.772871971130371,0.1,64
554,stop_on_plateau,0.07179942240138162,81,19,105.23631045692845,19,25,6,3.1242029666900635,0.1,64
555,hyperband,0.09350495960202951,81,143,4.836482048637877,1581,25,6,11.947622060775757,0.1,64
556,stop_on_plateau,0.06025875003451515,243,19,105.37172016344572,19,25,6,3.128222942352295,0.1,64
557,hyperband,0.3267220581948206,243,143,4.216572365226963,4743,25,6,31.248754262924194,0.1,64
558,stop_on_plateau,0.04745173938557213,9,7,15.508719852992465,7,25,7,1.3570129871368408,0.1,8
559,hyperband,0.05039587872740604,9,17,3.274266892585201,69,25,7,2.8240551948547363,0.1,8
560,stop_on_plateau,0.04874495083805144,27,13,33.20790217472957,13,25,7,5.396284103393555,0.1,8
561,hyperband,0.05864051043378043,27,49,1.6466021604564676,357,25,7,7.347962141036987,0.1,8
562,stop_on_plateau,0.07054707254103537,81,19,29.950320595189144,19,25,7,7.113201141357422,0.1,8
563,hyperband,0.12188163194313616,81,143,1.3543884065013982,1581,25,7,26.766100883483887,0.1,8
564,stop_on_plateau,0.05298705003582961,243,19,31.387166474994856,19,25,7,7.454452037811279,0.1,8
565,hyperband,0.2671157619198761,243,143,1.2306190859082629,4743,25,7,72.96032905578613,0.1,8
566,stop_on_plateau,0.053988590425966675,9,7,27.77842385428292,7,25,7,1.215306043624878,0.1,16
567,hyperband,0.04108441120504846,9,17,6.255745265794837,69,25,7,2.6977901458740234,0.1,16
568,stop_on_plateau,0.051980608545629886,27,13,39.18408907376803,13,25,7,3.1837072372436523,0.1,16
569,hyperband,0.04922012350650665,27,49,2.4449209004891017,357,25,7,5.455229759216309,0.1,16
570,stop_on_plateau,0.0572853288752722,81,19,38.16706406442742,19,25,7,4.532338857650757,0.1,16
571,hyperband,0.10174046578209316,81,143,1.6505161649738964,1581,25,7,16.309162855148315,0.1,16
572,stop_on_plateau,0.061396048474610915,243,19,34.312310469777955,19,25,7,4.074586868286133,0.1,16
573,hyperband,0.3379270213870065,243,143,1.5397029493067702,4743,25,7,45.64256930351257,0.1,16
574,stop_on_plateau,0.047418059401129614,9,7,42.17872892107282,7,25,7,1.230212926864624,0.1,24
575,hyperband,0.04067752041514253,9,17,11.113620426343834,69,25,7,3.1951658725738525,0.1,24
576,stop_on_plateau,0.05555651027176929,27,13,56.85304201566256,13,25,7,3.0795397758483887,0.1,24
577,hyperband,0.048994044232274145,27,49,3.378556035145992,357,25,7,5.025602102279663,0.1,24
578,stop_on_plateau,0.05458663010501714,81,19,40.32865423905221,19,25,7,3.192685127258301,0.1,24
579,hyperband,0.10958822871915125,81,143,2.0391010378524514,1581,25,7,13.432578086853027,0.1,24
580,stop_on_plateau,0.06659358709942065,243,19,40.76526441072162,19,25,7,3.227250099182129,0.1,24
581,hyperband,0.3172552440102351,243,143,1.8703084652518864,4743,25,7,36.961971044540405,0.1,24
582,stop_on_plateau,0.04785031410309154,9,7,55.594297136579236,7,25,7,1.216125249862671,0.1,32
583,hyperband,0.048454471543689634,9,17,11.52706201525702,69,25,7,2.485522747039795,0.1,32
584,stop_on_plateau,0.05931432934889255,27,13,76.0303203876202,13,25,7,3.0887317657470703,0.1,32
585,hyperband,0.04818771860284066,27,49,4.717886361087404,357,25,7,5.263391971588135,0.1,32
586,stop_on_plateau,0.06604292469021084,81,19,52.17625266627261,19,25,7,3.0979650020599365,0.1,32
587,hyperband,0.11602422072160119,81,143,2.5380544161811645,1581,25,7,12.539575099945068,0.1,32
588,stop_on_plateau,0.06369368703165332,243,19,52.33421727230674,19,25,7,3.107344150543213,0.1,32
589,hyperband,0.38236862711681896,243,143,2.301722540021973,4743,25,7,34.115843772888184,0.1,32
590,stop_on_plateau,0.050102044733404676,9,7,69.13073403494698,7,25,7,1.2097878456115723,0.1,40
591,hyperband,0.046706155494095465,9,17,14.02242909307065,69,25,7,2.4188690185546875,0.1,40
592,stop_on_plateau,0.05999517866399325,27,13,94.15350693922777,13,25,7,3.0599889755249023,0.1,40
593,hyperband,0.06093633199293871,27,49,5.355230165796787,357,25,7,4.779542922973633,0.1,40
594,stop_on_plateau,0.06232714409173658,81,19,65.26485744275544,19,25,7,3.100080728530884,0.1,40
595,hyperband,0.11708683882696341,81,143,3.1420875394894754,1581,25,7,12.419100999832153,0.1,40
596,stop_on_plateau,0.05960344226603728,243,19,65.79496484053762,19,25,7,3.125260829925537,0.1,40
597,hyperband,0.32225251858437204,243,143,2.7679752805879945,4743,25,7,32.821266889572144,0.1,40
598,stop_on_plateau,0.05460414462005917,9,7,82.87158966064452,7,25,7,1.2085440158843994,0.1,48
599,hyperband,0.03907751581437392,9,17,17.373947475267492,69,25,7,2.497504949569702,0.1,48
600,stop_on_plateau,0.057919859688855366,27,13,114.43897247314453,13,25,7,3.099388837814331,0.1,48
601,hyperband,0.053234951249586736,27,49,6.3496068746101955,357,25,7,4.722520112991333,0.1,48
602,stop_on_plateau,0.06818772696666855,81,19,91.05296486302424,19,25,7,3.604179859161377,0.1,48
603,hyperband,0.06503366056299659,81,143,3.588352746257745,1581,25,7,11.81913685798645,0.1,48
604,stop_on_plateau,0.07154056181709648,243,19,92.19117616352281,19,25,7,3.6492340564727783,0.1,48
605,hyperband,0.44201151145204454,243,143,3.1785682663745627,4743,25,7,31.408227682113647,0.1,48
606,stop_on_plateau,0.05690510533758826,9,7,98.06047439575195,7,25,7,1.2257559299468994,0.1,56
607,hyperband,0.05067013206853635,9,17,19.839849610259567,69,25,7,2.4445528984069824,0.1,56
608,stop_on_plateau,0.07765889136514707,27,13,134.5710167518029,13,25,7,3.1239700317382812,0.1,56
609,hyperband,0.038910513740166505,27,49,7.242936527027803,357,25,7,4.617372035980225,0.1,56
610,stop_on_plateau,0.05377458546997468,81,19,90.77803160014905,19,25,7,3.0799689292907715,0.1,56
611,hyperband,0.09520601771415382,81,143,4.149570597793994,1581,25,7,11.715126991271973,0.1,56
612,stop_on_plateau,0.06162802706945359,243,19,91.72289898521021,19,25,7,3.1120269298553467,0.1,56
613,hyperband,0.5035093535301919,243,143,3.7400402018422194,4743,25,7,31.676804780960083,0.1,56
614,stop_on_plateau,0.05439393033445562,9,7,110.83317347935267,7,25,7,1.21223783493042,0.1,64
615,hyperband,0.04706949081388517,9,17,23.725866787675496,69,25,7,2.5579450130462646,0.1,64
616,stop_on_plateau,0.05455907111128283,27,13,151.76315307617188,13,25,7,3.082689046859741,0.1,64
617,hyperband,0.04243969063374196,27,49,9.374225092869178,357,25,7,5.229059934616089,0.1,64
618,stop_on_plateau,0.05556341608113657,81,19,104.77230674342104,19,25,7,3.1104278564453125,0.1,64
619,hyperband,0.08416389981518747,81,143,4.631942372620671,1581,25,7,11.442345142364502,0.1,64
620,stop_on_plateau,0.05602786213065664,243,19,106.17882979543585,19,25,7,3.152184009552002,0.1,64
621,hyperband,0.29265641959113026,243,143,4.265167924791304,4743,25,7,31.608892917633057,0.1,64
622,stop_on_plateau,0.05342227006600286,9,7,15.918641771589005,7,25,8,1.392881155014038,0.1,8
623,hyperband,0.04312710505149617,9,17,3.242299176644588,69,25,8,2.796483039855957,0.1,8
624,stop_on_plateau,0.06635214586378246,27,13,32.929379389836235,13,25,8,5.351024150848389,0.1,8
625,hyperband,0.052440699728190904,27,49,1.5941158262621453,357,25,8,7.113741874694824,0.1,8
626,stop_on_plateau,0.08647982706785899,81,19,30.813107741506474,19,25,8,7.318113088607788,0.1,8
627,hyperband,0.07512541142531064,81,143,1.424308151930363,1581,25,8,28.147889852523804,0.1,8
628,stop_on_plateau,0.0530806986780247,243,19,30.896896563078226,19,25,8,7.338012933731079,0.1,8
629,hyperband,0.38350406287836736,243,143,1.3046201995071067,4743,25,8,77.34767007827759,0.1,8
630,stop_on_plateau,0.04384224239749856,9,7,28.103474208286826,7,25,8,1.2295269966125488,0.1,16
631,hyperband,0.046268759900258874,9,17,5.819399736929631,69,25,8,2.5096161365509033,0.1,16
632,stop_on_plateau,0.06290740584016027,27,13,39.475000821627106,13,25,8,3.207343816757202,0.1,16
633,hyperband,0.0648039705670224,27,49,2.726242749296984,357,25,8,6.0829291343688965,0.1,16
634,stop_on_plateau,0.054499534121453176,81,19,34.180195457056946,19,25,8,4.058898210525513,0.1,16
635,hyperband,0.21231077630508496,81,143,1.6769529821599756,1581,25,8,16.57039165496826,0.1,16
636,stop_on_plateau,0.06220729840111693,243,19,34.967067116185234,19,25,8,4.152339220046997,0.1,16
637,hyperband,0.2008711913476471,243,143,1.5286363943101182,4743,25,8,45.314515113830566,0.1,16
638,stop_on_plateau,0.032089233424879,9,7,41.814316340855186,7,25,8,1.2195842266082764,0.1,24
639,hyperband,0.05159807935192839,9,17,9.272084443465522,69,25,8,2.665724277496338,0.1,24
640,stop_on_plateau,0.0654446783970974,27,13,57.45736488929161,13,25,8,3.112273931503296,0.1,24
641,hyperband,0.05570083314228462,27,49,3.656960174816997,357,25,8,5.439728260040283,0.1,24
642,stop_on_plateau,0.07314815966076657,81,19,39.3262451573422,19,25,8,3.113327741622925,0.1,24
643,hyperband,0.09574704881699739,81,143,2.069114091500385,1581,25,8,13.630289077758789,0.1,24
644,stop_on_plateau,0.055154592702349875,243,19,40.73959651746247,19,25,8,3.2252180576324463,0.1,24
645,hyperband,0.4324602965664639,243,143,1.8742107123532377,4743,25,8,37.03908920288086,0.1,24
646,stop_on_plateau,0.025517743677945882,9,7,57.01595851353236,7,25,8,1.2472240924835205,0.1,32
647,hyperband,0.05101977268518841,9,17,11.902776524640512,69,25,8,2.5665361881256104,0.1,32
648,stop_on_plateau,0.06225321267763223,27,13,76.35756272536058,13,25,8,3.1020259857177734,0.1,32
649,hyperband,0.0633366007827696,27,49,4.36602360060235,357,25,8,4.870845079421997,0.1,32
650,stop_on_plateau,0.05547078828980373,81,19,52.25847344649465,19,25,8,3.10284686088562,0.1,32
651,hyperband,0.06783885170946896,81,143,2.6603433800829426,1581,25,8,13.14375901222229,0.1,32
652,stop_on_plateau,0.07935934906754033,243,19,61.78665964226973,19,25,8,3.6685829162597656,0.1,32
653,hyperband,0.3770810432091442,243,143,2.2938548696712178,4743,25,8,33.99923014640808,0.1,32
654,stop_on_plateau,0.05009081581938803,9,7,70.14645167759485,7,25,8,1.2275629043579102,0.1,40
655,hyperband,0.04280277380051515,9,17,15.176017042519389,69,25,8,2.6178629398345947,0.1,40
656,stop_on_plateau,0.06234059972548424,27,13,94.64683532714844,13,25,8,3.076022148132324,0.1,40
657,hyperband,0.054889348734513954,27,49,5.216049546955012,357,25,8,4.655324220657349,0.1,40
658,stop_on_plateau,0.06541984835833106,81,19,65.47111210070159,19,25,8,3.109877824783325,0.1,40
659,hyperband,0.16068678748330628,81,143,3.0793880074179523,1581,25,8,12.171281099319458,0.1,40
660,stop_on_plateau,0.05665813197408283,243,19,64.89026922928659,19,25,8,3.0822877883911133,0.1,40
661,hyperband,0.3228494759319142,243,143,2.779578257783314,4743,25,8,32.95884919166565,0.1,40
662,stop_on_plateau,0.043664756792028254,9,7,83.30275399344306,7,25,8,1.214831829071045,0.1,48
663,hyperband,0.05201956946607866,9,17,18.499468927798063,69,25,8,2.6592986583709717,0.1,48
664,stop_on_plateau,0.07723486827689519,27,13,114.76552523099458,13,25,8,3.1082329750061035,0.1,48
665,hyperband,0.07036394398030234,27,49,6.42342190782563,357,25,8,4.7774200439453125,0.1,48
666,stop_on_plateau,0.05320228484430012,81,19,78.1806082474558,19,25,8,3.094649076461792,0.1,48
667,hyperband,0.16420236871454588,81,143,3.4961111224353645,1581,25,8,11.515316009521484,0.1,48
668,stop_on_plateau,0.06108660535093141,243,19,78.28873684531763,19,25,8,3.0989291667938232,0.1,48
669,hyperband,0.2815558802539867,243,143,3.2558307973438243,4743,25,8,32.17167806625366,0.1,48
670,stop_on_plateau,0.047775323720522164,9,7,97.17374801635742,7,25,8,1.2146718502044678,0.1,56
671,hyperband,0.041257736814415434,9,17,19.85578039418096,69,25,8,2.4465157985687256,0.1,56
672,stop_on_plateau,0.06213481996164941,27,13,133.08723009549655,13,25,8,3.089524984359741,0.1,56
673,hyperband,0.06753427342368648,27,49,7.384985381481694,357,25,8,4.70792818069458,0.1,56
674,stop_on_plateau,0.05994343962646394,81,19,108.50500608745372,19,25,8,3.681419849395752,0.1,56
675,hyperband,0.11102027052159083,81,143,4.1072515141428605,1581,25,8,11.595651149749756,0.1,56
676,stop_on_plateau,0.07335022003105801,243,19,91.75358621697676,19,25,8,3.113068103790283,0.1,56
677,hyperband,0.1949570795174831,243,143,3.665829895167519,4743,25,8,31.048269987106323,0.1,56
678,stop_on_plateau,0.043804383117757334,9,7,110.67557198660714,7,25,8,1.2105140686035156,0.1,64
679,hyperband,0.05428378081679131,9,17,22.547813083814535,69,25,8,2.430936098098755,0.1,64
680,stop_on_plateau,0.05753208147797313,27,13,150.35406259390024,13,25,8,3.0540668964385986,0.1,64
681,hyperband,0.0639462666129967,27,49,9.364753958223913,357,25,8,5.223776817321777,0.1,64
682,stop_on_plateau,0.06229999543316227,81,19,104.73265798468339,19,25,8,3.109250783920288,0.1,64
683,hyperband,0.10597424612624883,81,143,4.613521124726982,1581,25,8,11.396838903427124,0.1,64
684,stop_on_plateau,0.05717279523866775,243,19,106.05854235197367,19,25,8,3.1486129760742188,0.1,64
685,hyperband,0.31646885311593403,243,143,4.271600712408829,4743,25,8,31.65656590461731,0.1,64
686,stop_on_plateau,0.046038139643188515,9,7,15.33642087663923,7,25,9,1.3419368267059326,0.1,8
687,hyperband,0.04265062006061941,9,17,3.372404402580814,69,25,9,2.908698797225952,0.1,8
688,stop_on_plateau,0.0581139307094386,27,13,32.700898097111626,13,25,9,5.31389594078064,0.1,8
689,hyperband,0.058464681337870084,27,49,1.6484266436066612,357,25,9,7.356103897094727,0.1,8
690,stop_on_plateau,0.06461250034413678,81,19,31.296129728618418,19,25,9,7.432830810546875,0.1,8
691,hyperband,0.12266258399836358,81,143,1.3862149976311717,1581,25,9,27.395073890686035,0.1,8
692,stop_on_plateau,0.059836251445580566,243,19,32.811462000796666,19,25,9,7.792722225189209,0.1,8
693,hyperband,0.38845934334292104,243,143,1.2463662977739398,4743,25,9,73.89394187927246,0.1,8
694,stop_on_plateau,0.04738108715865696,9,7,28.15355028424944,7,25,9,1.231717824935913,0.1,16
695,hyperband,0.0479860430700764,9,17,5.7665230571359825,69,25,9,2.4868130683898926,0.1,16
696,stop_on_plateau,0.04888861367878261,27,13,38.135572580190804,13,25,9,3.098515272140503,0.1,16
697,hyperband,0.06953943779050141,27,49,2.470646064822413,357,25,9,5.51262903213501,0.1,16
698,stop_on_plateau,0.06221371899410365,81,19,32.74566048070004,19,25,9,3.88854718208313,0.1,16
699,hyperband,0.11864723674648145,81,143,1.6582009341428732,1581,25,9,16.385097980499268,0.1,16
700,stop_on_plateau,0.06598108519171761,243,19,34.43476024426912,19,25,9,4.089127779006958,0.1,16
701,hyperband,0.3553884842195415,243,143,1.488202943747591,4743,25,9,44.11591601371765,0.1,16
702,stop_on_plateau,0.033644809889745074,9,7,41.1568123953683,7,25,9,1.2004070281982422,0.1,24
703,hyperband,0.05356547623192542,9,17,8.68687339451002,69,25,9,2.497476100921631,0.1,24
704,stop_on_plateau,0.05239860105220161,27,13,56.91599772526668,13,25,9,3.0829498767852783,0.1,24
705,hyperband,0.05866796013217047,27,49,3.3437842681628314,357,25,9,4.973879098892212,0.1,24
706,stop_on_plateau,0.08172809104596473,81,19,40.5533168190404,19,25,9,3.2104709148406982,0.1,24
707,hyperband,0.08740001183816799,81,143,2.212461294214006,1581,25,9,14.574588775634766,0.1,24
708,stop_on_plateau,0.056819284754561786,243,19,40.06438907824064,19,25,9,3.1717641353607178,0.1,24
709,hyperband,0.21932239534255232,243,143,1.9163772804988932,4743,25,9,37.872406005859375,0.1,24
710,stop_on_plateau,0.03416443359423496,9,7,55.205753871372764,7,25,9,1.2076258659362793,0.1,32
711,hyperband,0.04885945360589243,9,17,11.969135671422102,69,25,9,2.5808448791503906,0.1,32
712,stop_on_plateau,0.06439391968338738,27,13,75.90016291691707,13,25,9,3.083444118499756,0.1,32
713,hyperband,0.061396246055170925,27,49,4.233797217617515,357,25,9,4.723330020904541,0.1,32
714,stop_on_plateau,0.06899497686820542,81,19,52.40057292737458,19,25,9,3.111284017562866,0.1,32
715,hyperband,0.0796925157639991,81,143,2.5241876900158373,1581,25,9,12.471064805984497,0.1,32
716,stop_on_plateau,0.07053538345606013,243,19,52.092381527549335,19,25,9,3.092985153198242,0.1,32
717,hyperband,0.41083263385937985,243,143,2.355583620403176,4743,25,9,34.91416597366333,0.1,32
718,stop_on_plateau,0.04707306260659998,9,7,69.68462807791573,7,25,9,1.2194809913635254,0.1,40
719,hyperband,0.05572232130759734,9,17,14.308145771855893,69,25,9,2.4681551456451416,0.1,40
720,stop_on_plateau,0.05521710767660355,27,13,112.08707369290865,13,25,9,3.6428298950195312,0.1,40
721,hyperband,0.06319872150498711,27,49,5.276515437107459,357,25,9,4.709290027618408,0.1,40
722,stop_on_plateau,0.058935429025148124,81,19,65.10526255557411,19,25,9,3.0924999713897705,0.1,40
723,hyperband,0.09774386862178,81,143,3.0690937536868166,1581,25,9,12.130593061447144,0.1,40
724,stop_on_plateau,0.06574716444423657,243,19,65.79957761262592,19,25,9,3.1254799365997314,0.1,40
725,hyperband,0.3671248672885316,243,143,2.7635684527100177,4743,25,9,32.76901292800903,0.1,40
726,stop_on_plateau,0.040319774610397985,9,7,82.49485015869139,7,25,9,1.203049898147583,0.1,48
727,hyperband,0.05448683048195977,9,17,18.16707611083984,69,25,9,2.6115171909332275,0.1,48
728,stop_on_plateau,0.06554500316113518,27,13,113.47084632286658,13,25,9,3.0731687545776367,0.1,48
729,hyperband,0.08435520354023482,27,49,6.3600767760717565,357,25,9,4.730307102203369,0.1,48
730,stop_on_plateau,0.07448841568606071,81,19,75.40391018516138,19,25,9,2.9847381114959717,0.1,48
731,hyperband,0.07016631027876877,81,143,3.5297132488446166,1581,25,9,11.625993013381958,0.1,48
